00010071,2026-01-27 12:35:48.188
00010071,2026-01-27 12:35:48.555
00010071,2026-01-27 12:35:48.923
00010071,2026-01-27 12:35:49.290
00010079,2026-01-27 12:35:49.660
00010071,2026-01-27 12:35:50.030
00010079,2026-01-27 12:35:50.400
00010071,2026-01-27 12:35:50.769
00010071,2026-01-27 12:35:51.137
00010071,2026-01-27 12:35:51.509
00010071,2026-01-27 12:35:51.886
00010071,2026-01-27 12:35:52.256
00010079,2026-01-27 12:35:52.627
00010071,2026-01-27 12:35:53.001
00010079,2026-01-27 12:35:53.371
00010071,2026-01-27 12:35:53.747
00010071,2026-01-27 12:35:54.124
00010079,2026-01-27 12:35:54.494
00010071,2026-01-27 12:35:54.867
00010071,2026-01-27 12:35:55.235
00010071,2026-01-27 12:35:55.605
00010079,2026-01-27 12:35:55.972
00010071,2026-01-27 12:35:56.341
00010071,2026-01-27 12:35:56.713
00010071,2026-01-27 12:35:57.082
00010071,2026-01-27 12:35:57.458
00010071,2026-01-27 12:48:49.830
00010071,2026-01-27 12:48:49.832
00010071,2026-01-27 12:48:49.833
00010071,2026-01-27 12:48:49.834
01000234,2026-01-27 12:48:50.068
00010071,2026-01-27 12:48:50.069
00010071,2026-01-27 12:48:50.070
00010071,2026-01-27 12:48:50.071
00010071,2026-01-27 12:48:50.073
00010071,2026-01-27 12:48:50.329
00010071,2026-01-27 12:48:50.330
01000234,2026-01-27 12:48:50.331
00010071,2026-01-27 12:48:50.331
00010071,2026-01-27 12:48:50.568
00010071,2026-01-27 12:48:50.569
00010071,2026-01-27 12:48:50.571
00010071,2026-01-27 12:48:50.819
00010071,2026-01-27 12:48:50.819
00010071,2026-01-27 12:48:50.820
01000234,2026-01-27 12:48:50.821
00010071,2026-01-27 12:48:51.072
00010071,2026-01-27 12:48:51.074
00010071,2026-01-27 12:48:51.077
00010071,2026-01-27 12:48:51.079
00010071,2026-01-27 12:48:51.319
01000234,2026-01-27 12:48:51.320
00010071,2026-01-27 12:48:51.321
00010071,2026-01-27 12:48:51.321
00010071,2026-01-27 12:48:51.571
00010071,2026-01-27 12:48:51.573
00010071,2026-01-27 12:48:51.577
00010071,2026-01-27 12:48:51.577
00010071,2026-01-27 12:48:51.578
00010071,2026-01-27 12:48:51.819
00010071,2026-01-27 12:48:51.819
00010071,2026-01-27 12:48:51.820
00010071,2026-01-27 12:48:51.821
01000234,2026-01-27 12:48:51.821
00010071,2026-01-27 12:48:52.081
00010071,2026-01-27 12:48:52.082
00010071,2026-01-27 12:48:52.084
00010071,2026-01-27 12:48:52.086
00010071,2026-01-27 12:48:52.323
00010071,2026-01-27 12:48:52.323
00010071,2026-01-27 12:48:52.324
00010071,2026-01-27 12:48:52.568
00010071,2026-01-27 12:48:52.569
01000234,2026-01-27 12:48:52.570
00010071,2026-01-27 12:48:52.828
00010071,2026-01-27 12:48:52.829
00010071,2026-01-27 12:48:53.070
01000234,2026-01-27 12:48:53.072
00010071,2026-01-27 12:48:53.072
00010071,2026-01-27 12:48:53.075
00010071,2026-01-27 12:48:53.322
00010071,2026-01-27 12:48:53.325
00010071,2026-01-27 12:48:53.327
00010071,2026-01-27 12:48:53.328
00010071,2026-01-27 12:48:53.571
01000234,2026-01-27 12:48:53.573
00010071,2026-01-27 12:48:53.573
00010071,2026-01-27 12:48:53.821
00010071,2026-01-27 12:48:53.823
00010071,2026-01-27 12:48:53.824
00010071,2026-01-27 12:48:54.071
00010071,2026-01-27 12:48:54.072
00010071,2026-01-27 12:48:54.074
00010071,2026-01-27 12:48:54.074
00010071,2026-01-27 12:48:54.323
01000234,2026-01-27 12:48:54.323
00010071,2026-01-27 12:48:54.324
01000234,2026-01-27 12:48:54.324
00010071,2026-01-27 12:48:54.325
00010071,2026-01-27 12:48:54.326
00010071,2026-01-27 12:48:54.582
00010071,2026-01-27 12:48:54.585
00010071,2026-01-27 12:48:54.586
00010071,2026-01-27 12:48:54.821
00010071,2026-01-27 12:48:54.821
01000234,2026-01-27 12:48:54.822
00010071,2026-01-27 12:48:54.822
00010071,2026-01-27 12:48:54.823
00010071,2026-01-27 12:48:55.070
00010071,2026-01-27 12:48:55.071
00010071,2026-01-27 12:48:55.319
00010071,2026-01-27 12:48:55.320
00010071,2026-01-27 12:48:55.321
00010071,2026-01-27 12:48:55.321
00010071,2026-01-27 12:48:55.568
00010071,2026-01-27 12:48:55.568
00010071,2026-01-27 12:48:55.571
00010071,2026-01-27 12:48:55.821
00010071,2026-01-27 12:48:55.822
00010071,2026-01-27 12:48:56.071
00010071,2026-01-27 12:48:56.072
00010071,2026-01-27 12:48:56.075
00010071,2026-01-27 12:48:56.076
00010071,2026-01-27 12:48:56.319
00010071,2026-01-27 12:48:56.320
01000234,2026-01-27 12:48:56.323
00010071,2026-01-27 12:48:56.325
00010071,2026-01-27 12:48:56.325
00010071,2026-01-27 12:48:56.571
00010071,2026-01-27 12:48:56.572
00010071,2026-01-27 12:48:56.574
00010071,2026-01-27 12:48:56.577
00010071,2026-01-27 12:48:56.828
00010071,2026-01-27 12:48:56.829
00010071,2026-01-27 12:48:57.072
00010071,2026-01-27 12:48:57.073
00010071,2026-01-27 12:48:57.074
00010071,2026-01-27 12:48:57.074
00010071,2026-01-27 12:48:57.322
00010071,2026-01-27 12:48:57.324
00010071,2026-01-27 12:48:57.326
00010071,2026-01-27 12:48:57.579
00010071,2026-01-27 12:48:57.820
00010071,2026-01-27 12:48:57.821
00010071,2026-01-27 12:48:57.822
00010071,2026-01-27 12:48:57.822
00010071,2026-01-27 12:48:58.069
00010071,2026-01-27 12:48:58.070
00010071,2026-01-27 12:48:58.072
00010071,2026-01-27 12:48:58.074
00010071,2026-01-27 12:48:58.320
00010071,2026-01-27 12:48:58.329
00010071,2026-01-27 12:48:58.332
00010071,2026-01-27 12:48:58.334
00010071,2026-01-27 12:48:58.578
00010071,2026-01-27 12:48:58.579
00010071,2026-01-27 12:48:58.580
00010071,2026-01-27 12:48:58.581
00010071,2026-01-27 12:48:58.819
00010071,2026-01-27 12:48:58.822
00010071,2026-01-27 12:48:58.824
00010071,2026-01-27 12:48:58.827
00010071,2026-01-27 12:48:59.068
00010071,2026-01-27 12:48:59.069
00010071,2026-01-27 12:48:59.071
00010071,2026-01-27 12:48:59.073
00010071,2026-01-27 12:48:59.309
00010071,2026-01-27 12:48:59.309
00010071,2026-01-27 12:48:59.310
00010071,2026-01-27 13:00:31.789
01000234,2026-01-27 13:00:31.792
00010071,2026-01-27 13:00:31.792
00010071,2026-01-27 13:00:31.793
00010071,2026-01-27 13:00:31.793
01000234,2026-01-27 13:00:31.794
00010071,2026-01-27 13:00:32.021
01000234,2026-01-27 13:00:32.022
01000234,2026-01-27 13:00:32.022
00010071,2026-01-27 13:00:32.023
01000234,2026-01-27 13:00:32.024
00010071,2026-01-27 13:00:32.025
00010071,2026-01-27 13:00:32.026
01000234,2026-01-27 13:00:32.026
00010071,2026-01-27 13:00:32.275
01000234,2026-01-27 13:00:32.276
01000234,2026-01-27 13:00:32.277
00010071,2026-01-27 13:00:32.277
00010071,2026-01-27 13:00:32.278
01000234,2026-01-27 13:00:32.278
00010071,2026-01-27 13:00:32.279
01000234,2026-01-27 13:00:32.280
00010071,2026-01-27 13:00:32.520
01000234,2026-01-27 13:00:32.521
01000234,2026-01-27 13:00:32.521
00010071,2026-01-27 13:00:32.522
00010071,2026-01-27 13:00:32.782
01000234,2026-01-27 13:00:32.783
00010071,2026-01-27 13:00:32.785
01000234,2026-01-27 13:00:32.785
00010071,2026-01-27 13:00:33.022
01000234,2026-01-27 13:00:33.022
00010071,2026-01-27 13:00:33.023
01000234,2026-01-27 13:00:33.023
00010071,2026-01-27 13:00:33.024
01000234,2026-01-27 13:00:33.025
00010071,2026-01-27 13:00:33.025
01000234,2026-01-27 13:00:33.026
01000234,2026-01-27 13:00:33.271
00010071,2026-01-27 13:00:33.271
00010071,2026-01-27 13:00:33.272
01000234,2026-01-27 13:00:33.273
00010071,2026-01-27 13:00:33.274
01000234,2026-01-27 13:00:33.274
00010071,2026-01-27 13:00:33.275
01000234,2026-01-27 13:00:33.276
00010071,2026-01-27 13:00:33.534
01000234,2026-01-27 13:00:33.536
00010071,2026-01-27 13:00:33.538
01000234,2026-01-27 13:00:33.540
00010071,2026-01-27 13:00:33.541
01000234,2026-01-27 13:00:33.541
00010071,2026-01-27 13:00:33.543
01000234,2026-01-27 13:00:33.543
00010071,2026-01-27 13:00:33.771
00010076,2026-01-27 13:00:33.773
00010071,2026-01-27 13:00:33.774
00010071,2026-01-27 13:00:33.775
01000234,2026-01-27 13:00:33.775
00010071,2026-01-27 13:00:34.021
01000234,2026-01-27 13:00:34.021
01000234,2026-01-27 13:00:34.022
00010071,2026-01-27 13:00:34.023
00010071,2026-01-27 13:00:34.023
01000234,2026-01-27 13:00:34.024
01000234,2026-01-27 13:00:34.272
00010071,2026-01-27 13:00:34.273
00010071,2026-01-27 13:00:34.274
01000234,2026-01-27 13:00:34.276
00010071,2026-01-27 13:00:34.278
01000234,2026-01-27 13:00:34.279
01000234,2026-01-27 13:00:34.279
00010071,2026-01-27 13:00:34.280
00010071,2026-01-27 13:00:34.524
00010071,2026-01-27 13:00:34.525
00010071,2026-01-27 13:00:34.525
01000234,2026-01-27 13:00:34.526
00010071,2026-01-27 13:00:34.526
01000234,2026-01-27 13:00:34.527
00010071,2026-01-27 13:00:34.772
01000234,2026-01-27 13:00:34.773
00010071,2026-01-27 13:00:34.773
01000234,2026-01-27 13:00:34.775
00010071,2026-01-27 13:00:34.776
00010071,2026-01-27 13:00:34.777
00010071,2026-01-27 13:00:35.024
01000234,2026-01-27 13:00:35.026
01000234,2026-01-27 13:00:35.027
00010071,2026-01-27 13:00:35.027
00010071,2026-01-27 13:00:35.028
01000234,2026-01-27 13:00:35.028
00010071,2026-01-27 13:00:35.271
01000234,2026-01-27 13:00:35.272
00010071,2026-01-27 13:00:35.272
01000234,2026-01-27 13:00:35.273
00010071,2026-01-27 13:00:35.274
01000234,2026-01-27 13:00:35.275
01000234,2026-01-27 13:00:35.520
01000234,2026-01-27 13:00:35.521
00010071,2026-01-27 13:00:35.522
01000234,2026-01-27 13:00:35.522
00010071,2026-01-27 13:00:35.769
01000234,2026-01-27 13:00:35.771
00010071,2026-01-27 13:00:35.773
00010071,2026-01-27 13:00:35.774
00010071,2026-01-27 13:00:35.775
01000234,2026-01-27 13:00:35.777
01000234,2026-01-27 13:00:36.026
00010071,2026-01-27 13:00:36.027
00010071,2026-01-27 13:00:36.030
01000234,2026-01-27 13:00:36.032
00010071,2026-01-27 13:00:36.033
01000234,2026-01-27 13:00:36.034
00010076,2026-01-27 13:00:36.034
00010071,2026-01-27 13:00:36.035
00010071,2026-01-27 13:00:36.279
00010071,2026-01-27 13:00:36.282
01000234,2026-01-27 13:00:36.285
01000234,2026-01-27 13:00:36.287
00010071,2026-01-27 13:00:36.290
00010071,2026-01-27 13:00:36.291
00010071,2026-01-27 13:00:36.293
00010071,2026-01-27 13:00:36.521
01000234,2026-01-27 13:00:36.523
00010071,2026-01-27 13:00:36.524
01000234,2026-01-27 13:00:36.524
00010071,2026-01-27 13:00:36.525
01000234,2026-01-27 13:00:36.526
00010071,2026-01-27 13:00:36.772
01000234,2026-01-27 13:00:36.773
00010071,2026-01-27 13:00:36.775
01000234,2026-01-27 13:00:36.777
00010071,2026-01-27 13:00:36.777
00010071,2026-01-27 13:00:37.023
00010071,2026-01-27 13:00:37.026
01000234,2026-01-27 13:00:37.027
00010071,2026-01-27 13:00:37.027
01000234,2026-01-27 13:00:37.028
00010071,2026-01-27 13:00:37.028
01000234,2026-01-27 13:00:37.029
00010071,2026-01-27 13:00:37.185
01000234,2026-01-27 13:00:37.185
00010071,2026-01-27 13:00:37.186
01000234,2026-01-27 13:00:37.187
00010071,2026-01-27 13:34:10.069
01000234,2026-01-27 13:34:10.073
00010071,2026-01-27 13:34:10.074
00010076,2026-01-27 13:34:10.302
00010071,2026-01-27 13:34:10.302
00010071,2026-01-27 13:34:10.303
01000234,2026-01-27 13:34:10.304
00010071,2026-01-27 13:34:10.553
00010071,2026-01-27 13:34:10.554
00010071,2026-01-27 13:34:10.794
00010071,2026-01-27 13:34:10.795
00010071,2026-01-27 13:34:10.795
01000234,2026-01-27 13:34:10.796
00010071,2026-01-27 13:34:11.052
00010071,2026-01-27 13:34:11.053
01000234,2026-01-27 13:34:11.302
00010071,2026-01-27 13:34:11.303
00010071,2026-01-27 13:34:11.552
01000234,2026-01-27 13:34:11.553
00010071,2026-01-27 13:34:11.553
01000234,2026-01-27 13:34:11.554
00010071,2026-01-27 13:34:11.555
01000234,2026-01-27 13:34:11.556
00010071,2026-01-27 13:34:11.802
01000234,2026-01-27 13:34:11.803
00010071,2026-01-27 13:34:11.804
01000234,2026-01-27 13:34:11.804
01000234,2026-01-27 13:34:11.805
00010071,2026-01-27 13:34:11.806
00010071,2026-01-27 13:34:12.055
00010071,2026-01-27 13:34:12.057
00010071,2026-01-27 13:34:12.307
01000234,2026-01-27 13:34:12.307
00010076,2026-01-27 13:34:12.308
00010071,2026-01-27 13:34:12.552
00010071,2026-01-27 13:34:12.553
00010071,2026-01-27 13:34:12.793
00010071,2026-01-27 13:34:12.794
00010071,2026-01-27 13:34:12.795
00010071,2026-01-27 13:34:13.053
00010071,2026-01-27 13:34:13.054
00010076,2026-01-27 13:34:13.056
01000234,2026-01-27 13:34:13.057
00010071,2026-01-27 13:34:13.303
01000234,2026-01-27 13:34:13.304
01000234,2026-01-27 13:34:13.305
00010071,2026-01-27 13:34:13.305
01000234,2026-01-27 13:34:13.306
00010071,2026-01-27 13:34:13.306
01000234,2026-01-27 13:34:13.307
00010071,2026-01-27 13:34:13.307
01000234,2026-01-27 13:34:13.565
00010071,2026-01-27 13:34:13.566
00010071,2026-01-27 13:34:13.566
01000234,2026-01-27 13:34:13.567
00010076,2026-01-27 13:34:13.568
00010071,2026-01-27 13:34:13.804
00010071,2026-01-27 13:34:13.805
00010071,2026-01-27 13:34:14.065
00010071,2026-01-27 13:34:14.067
00010071,2026-01-27 13:34:14.070
00010071,2026-01-27 13:34:14.072
00010076,2026-01-27 13:34:14.306
00010071,2026-01-27 13:34:14.308
00010076,2026-01-27 13:34:14.310
00010071,2026-01-27 13:34:14.312
00010071,2026-01-27 13:34:14.313
01000234,2026-01-27 13:34:14.556
00010071,2026-01-27 13:34:14.558
00010071,2026-01-27 13:34:14.558
00010071,2026-01-27 13:34:14.559
01000234,2026-01-27 13:34:14.559
00010076,2026-01-27 13:34:14.793
00010071,2026-01-27 13:34:15.054
00010071,2026-01-27 13:34:15.312
00010071,2026-01-27 13:34:15.313
01000234,2026-01-27 13:34:15.313
00010076,2026-01-27 13:34:15.552
00010071,2026-01-27 13:34:15.553
01000234,2026-01-27 13:34:15.554
00010076,2026-01-27 13:34:15.554
00010076,2026-01-27 13:34:15.554
01000234,2026-01-27 13:34:15.555
01000234,2026-01-27 13:34:15.813
00010076,2026-01-27 13:34:15.815
00010071,2026-01-27 13:34:15.817
00010076,2026-01-27 13:34:15.820
00010071,2026-01-27 13:34:15.820
00010076,2026-01-27 13:34:15.821
00010076,2026-01-27 13:34:15.821
01000234,2026-01-27 13:34:15.822
00010071,2026-01-27 13:34:15.822
01000234,2026-01-27 13:34:16.054
00010071,2026-01-27 13:34:16.055
01000234,2026-01-27 13:34:16.056
00010076,2026-01-27 13:34:16.057
00010071,2026-01-27 13:34:16.057
01000234,2026-01-27 13:34:16.058
00010076,2026-01-27 13:34:16.312
00010071,2026-01-27 13:34:16.313
00010071,2026-01-27 13:34:16.313
00010076,2026-01-27 13:34:16.316
00010071,2026-01-27 13:34:16.317
00010071,2026-01-27 13:34:16.320
01000234,2026-01-27 13:34:16.321
00010076,2026-01-27 13:34:16.552
00010071,2026-01-27 13:34:16.553
01000234,2026-01-27 13:34:16.554
00010076,2026-01-27 13:34:16.554
00010071,2026-01-27 13:34:16.555
00010071,2026-01-27 13:34:16.795
01000234,2026-01-27 13:34:16.796
00010071,2026-01-27 13:34:16.797
01000234,2026-01-27 13:34:16.799
00010071,2026-01-27 13:34:16.800
00010071,2026-01-27 13:34:17.053
00010071,2026-01-27 13:34:17.054
00010071,2026-01-27 13:34:17.056
00010071,2026-01-27 13:34:17.059
01000234,2026-01-27 13:34:17.059
00010071,2026-01-27 13:34:17.302
00010071,2026-01-27 13:34:17.303
00010076,2026-01-27 13:34:17.552
00010071,2026-01-27 13:34:17.554
00010076,2026-01-27 13:34:17.557
01000234,2026-01-27 13:34:17.802
00010076,2026-01-27 13:34:18.053
00010071,2026-01-27 13:34:18.055
00010076,2026-01-27 13:34:18.057
00010071,2026-01-27 13:34:18.059
00010071,2026-01-27 13:34:18.061
01000234,2026-01-27 13:34:18.064
01000234,2026-01-27 13:34:18.303
01000234,2026-01-27 13:34:18.303
01000234,2026-01-27 13:34:18.305
00010071,2026-01-27 13:34:18.553
00010071,2026-01-27 13:34:18.553
00010071,2026-01-27 13:34:18.798
00010071,2026-01-27 13:34:18.799
00010071,2026-01-27 13:34:18.800
00010071,2026-01-27 13:34:19.059
01000234,2026-01-27 13:34:19.059
00010071,2026-01-27 13:34:19.309
01000234,2026-01-27 13:34:19.310
00010071,2026-01-27 13:34:19.310
01000234,2026-01-27 13:34:19.312
00010071,2026-01-27 13:34:19.552
00010076,2026-01-27 13:34:19.553
00010071,2026-01-27 13:34:19.554
01000234,2026-01-27 13:34:19.557
00010071,2026-01-27 13:34:19.558
01000234,2026-01-27 13:34:19.558
00010071,2026-01-27 13:34:19.559
00010076,2026-01-27 13:34:19.802
00010071,2026-01-27 13:34:19.804
01000234,2026-01-27 13:34:19.805
00010076,2026-01-27 13:34:19.805
00010071,2026-01-27 13:34:19.806
00010076,2026-01-27 13:34:20.066
00010071,2026-01-27 13:34:20.067
01000234,2026-01-27 13:34:20.068
00010076,2026-01-27 13:34:20.069
01000234,2026-01-27 13:34:20.304
00010071,2026-01-27 13:34:20.306
00010071,2026-01-27 13:34:20.309
00010071,2026-01-27 13:34:20.310
01000234,2026-01-27 13:34:20.311
00010071,2026-01-27 13:34:20.311
0000D58C,2026-01-27 13:34:20.553
00010071,2026-01-27 13:34:20.554
00010071,2026-01-27 13:34:20.555
00010071,2026-01-27 13:34:20.556
01000234,2026-01-27 13:34:20.558
00010071,2026-01-27 13:34:20.795
01000234,2026-01-27 13:34:20.797
00010071,2026-01-27 13:34:20.800
01000234,2026-01-27 13:34:20.802
00010071,2026-01-27 13:34:20.802
00010071,2026-01-27 13:34:20.803
00010071,2026-01-27 13:34:21.057
00010071,2026-01-27 13:34:21.058
01000234,2026-01-27 13:34:21.059
01000234,2026-01-27 13:34:21.061
00010071,2026-01-27 13:34:21.302
00010076,2026-01-27 13:34:21.303
01000234,2026-01-27 13:34:21.304
00010076,2026-01-27 13:34:21.304
01000234,2026-01-27 13:34:21.556
01000234,2026-01-27 13:34:21.558
00010071,2026-01-27 13:34:21.561
00010076,2026-01-27 13:34:21.802
01000234,2026-01-27 13:34:21.805
00010071,2026-01-27 13:34:21.807
00010076,2026-01-27 13:34:21.809
00010071,2026-01-27 13:34:21.810
00010076,2026-01-27 13:34:21.810
00010076,2026-01-27 13:34:21.811
00010076,2026-01-27 13:34:22.053
00010076,2026-01-27 13:34:22.054
00010076,2026-01-27 13:34:22.054
00010076,2026-01-27 13:34:22.055
00010071,2026-01-27 13:34:22.056
00010071,2026-01-27 13:34:22.304
00010076,2026-01-27 13:34:22.304
00010076,2026-01-27 13:34:22.305
00010071,2026-01-27 13:34:22.306
00010076,2026-01-27 13:34:22.306
00010071,2026-01-27 13:34:22.307
00010076,2026-01-27 13:34:22.564
00010076,2026-01-27 13:34:22.565
00010071,2026-01-27 13:34:22.567
00010076,2026-01-27 13:34:22.567
01000234,2026-01-27 13:34:22.570
00010071,2026-01-27 13:34:22.795
01000234,2026-01-27 13:34:22.796
00010071,2026-01-27 13:34:22.798
00010071,2026-01-27 13:34:22.800
00010071,2026-01-27 13:34:23.057
00010071,2026-01-27 13:34:23.058
01000234,2026-01-27 13:34:23.059
00010071,2026-01-27 13:34:23.060
01000234,2026-01-27 13:34:23.060
00010071,2026-01-27 13:34:23.064
01000234,2026-01-27 13:34:23.067
00010071,2026-01-27 13:34:23.310
01000234,2026-01-27 13:34:23.312
00010076,2026-01-27 13:34:23.313
00010071,2026-01-27 13:34:23.314
00010071,2026-01-27 13:34:23.317
00010071,2026-01-27 13:34:23.560
00010071,2026-01-27 13:34:23.562
00010071,2026-01-27 13:34:23.562
00010071,2026-01-27 13:34:23.563
00010071,2026-01-27 13:34:23.803
01000234,2026-01-27 13:34:23.804
00010076,2026-01-27 13:34:23.804
00010071,2026-01-27 13:34:23.805
00010071,2026-01-27 13:34:23.805
00010071,2026-01-27 13:34:24.052
01000234,2026-01-27 13:34:24.052
00010071,2026-01-27 13:34:24.053
00010071,2026-01-27 13:34:24.053
0000D58C,2026-01-27 13:34:24.302
00010071,2026-01-27 13:34:24.303
00010071,2026-01-27 13:34:24.304
01000234,2026-01-27 13:34:24.304
00010071,2026-01-27 13:34:24.305
00010071,2026-01-27 13:34:24.306
00010071,2026-01-27 13:34:24.552
00010071,2026-01-27 13:34:24.553
00010071,2026-01-27 13:34:24.554
00010071,2026-01-27 13:34:24.794
00010071,2026-01-27 13:34:24.794
01000234,2026-01-27 13:34:24.795
00010071,2026-01-27 13:34:24.796
00010076,2026-01-27 13:34:24.798
00010076,2026-01-27 13:34:25.062
00010071,2026-01-27 13:34:25.063
00010071,2026-01-27 13:34:25.064
00010071,2026-01-27 13:34:25.305
01000234,2026-01-27 13:34:25.306
00010076,2026-01-27 13:34:25.307
00010071,2026-01-27 13:34:25.308
01000234,2026-01-27 13:34:25.308
00010076,2026-01-27 13:34:25.309
00010071,2026-01-27 13:34:25.562
01000234,2026-01-27 13:34:25.562
00010071,2026-01-27 13:34:25.811
00010071,2026-01-27 13:34:25.812
00010071,2026-01-27 13:34:25.813
01000234,2026-01-27 13:34:25.817
00010071,2026-01-27 13:34:26.063
00010071,2026-01-27 13:34:26.064
00010071,2026-01-27 13:34:26.065
01000234,2026-01-27 13:34:26.089
00010071,2026-01-27 13:34:26.552
01000234,2026-01-27 13:34:26.553
01000234,2026-01-27 13:34:26.794
01000234,2026-01-27 13:34:26.795
00010076,2026-01-27 13:34:26.797
01000234,2026-01-27 13:34:27.053
01000234,2026-01-27 13:34:27.054
01000234,2026-01-27 13:34:27.552
00010071,2026-01-27 13:34:27.553
00010076,2026-01-27 13:34:27.553
00010076,2026-01-27 13:34:27.554
00010076,2026-01-27 13:34:27.555
01000234,2026-01-27 13:34:27.556
00010071,2026-01-27 13:34:27.556
00010076,2026-01-27 13:34:27.805
01000234,2026-01-27 13:34:27.806
00010071,2026-01-27 13:34:27.809
00010076,2026-01-27 13:34:27.810
01000234,2026-01-27 13:34:27.810
00010071,2026-01-27 13:34:27.811
00010071,2026-01-27 13:34:27.811
01000234,2026-01-27 13:34:27.812
00010076,2026-01-27 13:34:28.055
00010071,2026-01-27 13:34:28.057
00010071,2026-01-27 13:34:28.059
00010071,2026-01-27 13:34:28.062
01000234,2026-01-27 13:34:28.063
00010071,2026-01-27 13:34:28.303
00010076,2026-01-27 13:34:28.307
01000234,2026-01-27 13:34:28.308
00010076,2026-01-27 13:34:28.308
00010071,2026-01-27 13:34:28.309
00010071,2026-01-27 13:34:28.310
00010076,2026-01-27 13:34:28.311
00010076,2026-01-27 13:34:28.563
01000234,2026-01-27 13:34:28.563
00010076,2026-01-27 13:34:28.564
00010071,2026-01-27 13:34:28.565
00010071,2026-01-27 13:34:28.565
00010076,2026-01-27 13:34:28.793
00010076,2026-01-27 13:34:28.794
00010076,2026-01-27 13:34:28.794
00010071,2026-01-27 13:34:28.795
01000234,2026-01-27 13:34:28.795
00010076,2026-01-27 13:34:29.052
00010071,2026-01-27 13:34:29.053
01000234,2026-01-27 13:34:29.053
00010071,2026-01-27 13:34:29.054
00010076,2026-01-27 13:34:29.054
00010071,2026-01-27 13:34:29.302
00010071,2026-01-27 13:34:29.553
00010071,2026-01-27 13:34:29.553
00010076,2026-01-27 13:34:29.554
01000234,2026-01-27 13:34:29.802
00010071,2026-01-27 13:34:29.802
00010076,2026-01-27 13:34:29.802
00010071,2026-01-27 13:34:30.052
00010076,2026-01-27 13:34:30.053
01000234,2026-01-27 13:34:30.053
00010071,2026-01-27 13:34:30.054
00010076,2026-01-27 13:34:30.055
00010071,2026-01-27 13:34:30.055
01000234,2026-01-27 13:34:30.303
00010071,2026-01-27 13:34:30.303
01000234,2026-01-27 13:34:30.304
00010071,2026-01-27 13:34:30.304
00010071,2026-01-27 13:34:30.552
00010071,2026-01-27 13:34:30.553
00010071,2026-01-27 13:34:30.553
00010071,2026-01-27 13:34:30.794
00010071,2026-01-27 13:34:30.795
01000234,2026-01-27 13:34:30.795
01000234,2026-01-27 13:34:30.796
00010071,2026-01-27 13:34:30.796
00010071,2026-01-27 13:34:30.797
01000234,2026-01-27 13:34:30.797
00010071,2026-01-27 13:34:31.054
00010076,2026-01-27 13:34:31.055
00010071,2026-01-27 13:34:31.058
00010076,2026-01-27 13:34:31.060
00010071,2026-01-27 13:34:31.060
00010071,2026-01-27 13:34:31.306
01000234,2026-01-27 13:34:31.306
00010071,2026-01-27 13:34:31.307
01000234,2026-01-27 13:34:31.307
00010071,2026-01-27 13:34:31.307
00010076,2026-01-27 13:34:31.553
00010071,2026-01-27 13:34:31.554
00010071,2026-01-27 13:34:31.555
00010071,2026-01-27 13:34:31.805
00010071,2026-01-27 13:34:31.806
00010071,2026-01-27 13:34:31.807
00010071,2026-01-27 13:34:31.807
00010071,2026-01-27 13:34:32.064
00010071,2026-01-27 13:34:32.065
00010071,2026-01-27 13:34:32.065
00010071,2026-01-27 13:34:32.065
01000234,2026-01-27 13:34:32.302
00010071,2026-01-27 13:34:32.303
01000234,2026-01-27 13:34:32.304
00010071,2026-01-27 13:34:32.304
00010076,2026-01-27 13:34:32.553
00010071,2026-01-27 13:34:33.053
01000234,2026-01-27 13:34:33.054
00010071,2026-01-27 13:34:33.054
01000234,2026-01-27 13:34:33.055
01000234,2026-01-27 13:34:33.055
00010076,2026-01-27 13:34:33.056
00010071,2026-01-27 13:34:33.057
00010076,2026-01-27 13:34:33.060
01000234,2026-01-27 13:34:33.304
00010076,2026-01-27 13:34:33.554
01000234,2026-01-27 13:34:33.557
00010071,2026-01-27 13:34:33.803
00010076,2026-01-27 13:34:33.804
00010071,2026-01-27 13:34:33.805
00010076,2026-01-27 13:34:34.053
00010071,2026-01-27 13:34:34.055
00010076,2026-01-27 13:34:34.057
01000234,2026-01-27 13:34:34.303
01000234,2026-01-27 13:34:34.304
00010076,2026-01-27 13:34:34.794
00010076,2026-01-27 13:34:34.794
00010076,2026-01-27 13:34:34.795
01000234,2026-01-27 13:34:34.796
00010076,2026-01-27 13:34:34.798
00010071,2026-01-27 13:34:34.799
00010076,2026-01-27 13:34:35.053
01000234,2026-01-27 13:34:35.053
00010071,2026-01-27 13:34:35.054
00010076,2026-01-27 13:34:35.054
01000234,2026-01-27 13:34:35.054
00010071,2026-01-27 13:34:35.055
00010071,2026-01-27 13:34:35.555
01000234,2026-01-27 13:34:35.802
00010071,2026-01-27 13:34:36.064
01000234,2026-01-27 13:34:36.066
01000234,2026-01-27 13:34:36.067
01000234,2026-01-27 13:34:36.069
00010071,2026-01-27 13:34:36.302
01000234,2026-01-27 13:34:36.303
00010076,2026-01-27 13:34:36.562
00010071,2026-01-27 13:34:36.793
01000234,2026-01-27 13:34:36.794
00010076,2026-01-27 13:34:36.795
00010071,2026-01-27 13:34:36.796
00010071,2026-01-27 13:34:37.054
00010076,2026-01-27 13:34:37.055
00010071,2026-01-27 13:34:37.056
00010076,2026-01-27 13:34:37.303
01000234,2026-01-27 13:34:37.304
00010076,2026-01-27 13:34:37.552
01000234,2026-01-27 13:34:37.553
00010076,2026-01-27 13:34:37.555
01000234,2026-01-27 13:34:37.557
00010076,2026-01-27 13:34:37.802
00010071,2026-01-27 13:34:37.803
01000234,2026-01-27 13:34:37.803
00010071,2026-01-27 13:34:37.804
01000234,2026-01-27 13:34:37.804
00010076,2026-01-27 13:34:37.805
01000234,2026-01-27 13:34:37.806
01000234,2026-01-27 13:34:38.053
00010076,2026-01-27 13:34:38.053
00010071,2026-01-27 13:34:38.305
00010076,2026-01-27 13:34:38.306
00010076,2026-01-27 13:34:38.308
00010071,2026-01-27 13:34:38.563
01000234,2026-01-27 13:34:38.565
01000234,2026-01-27 13:34:38.566
00010076,2026-01-27 13:34:38.568
01000234,2026-01-27 13:34:38.569
00010076,2026-01-27 13:34:38.569
01000234,2026-01-27 13:34:38.793
00010076,2026-01-27 13:34:38.794
00010071,2026-01-27 13:34:38.795
00010071,2026-01-27 13:34:39.052
00010071,2026-01-27 13:34:39.053
00010076,2026-01-27 13:34:39.054
00010076,2026-01-27 13:34:39.303
00010071,2026-01-27 13:34:39.304
01000234,2026-01-27 13:34:39.305
00010071,2026-01-27 13:34:39.308
00010071,2026-01-27 13:34:39.310
01000234,2026-01-27 13:34:39.311
00010076,2026-01-27 13:34:39.562
01000234,2026-01-27 13:34:39.803
01000234,2026-01-27 13:34:39.805
01000234,2026-01-27 13:34:40.053
01000234,2026-01-27 13:34:40.054
01000234,2026-01-27 13:34:40.056
00010076,2026-01-27 13:34:40.302
01000234,2026-01-27 13:34:40.303
00010076,2026-01-27 13:34:40.303
01000234,2026-01-27 13:34:40.305
00010071,2026-01-27 13:34:40.307
00010076,2026-01-27 13:34:40.308
01000234,2026-01-27 13:34:40.554
01000234,2026-01-27 13:34:40.555
01000234,2026-01-27 13:34:40.556
00010071,2026-01-27 13:34:40.793
01000234,2026-01-27 13:34:40.794
00010071,2026-01-27 13:34:40.794
00010076,2026-01-27 13:34:41.054
00010076,2026-01-27 13:34:41.055
00010071,2026-01-27 13:34:41.057
00010076,2026-01-27 13:34:41.303
00010076,2026-01-27 13:34:41.305
00010076,2026-01-27 13:34:41.306
00010076,2026-01-27 13:34:41.308
00010076,2026-01-27 13:34:41.553
00010076,2026-01-27 13:34:41.555
00010076,2026-01-27 13:34:41.557
01000234,2026-01-27 13:34:41.558
00010076,2026-01-27 13:34:41.559
00010076,2026-01-27 13:34:41.804
01000234,2026-01-27 13:34:41.804
01000234,2026-01-27 13:34:41.806
00010076,2026-01-27 13:34:41.808
00010076,2026-01-27 13:34:41.809
00010076,2026-01-27 13:34:41.811
00010076,2026-01-27 13:34:42.063
01000234,2026-01-27 13:34:42.063
00010076,2026-01-27 13:34:42.064
01000234,2026-01-27 13:34:42.066
00010076,2026-01-27 13:34:42.067
01000234,2026-01-27 13:34:42.068
00010076,2026-01-27 13:34:42.303
00010071,2026-01-27 13:34:42.303
01000234,2026-01-27 13:34:42.311
01000234,2026-01-27 13:34:42.313
01000234,2026-01-27 13:34:42.553
01000234,2026-01-27 13:34:42.553
01000234,2026-01-27 13:34:42.794
00010076,2026-01-27 13:34:42.795
00010071,2026-01-27 13:34:42.795
00010076,2026-01-27 13:34:43.053
01000234,2026-01-27 13:34:43.054
00010071,2026-01-27 13:34:43.055
00010076,2026-01-27 13:34:43.058
00010071,2026-01-27 13:34:43.059
00010076,2026-01-27 13:34:43.061
00010076,2026-01-27 13:34:43.061
00010071,2026-01-27 13:34:43.061
01000234,2026-01-27 13:34:43.062
00010076,2026-01-27 13:34:43.302
00010071,2026-01-27 13:34:43.304
00010076,2026-01-27 13:34:43.304
00010076,2026-01-27 13:34:43.305
01000234,2026-01-27 13:34:43.383
00010071,2026-01-27 13:34:43.384
00010076,2026-01-27 13:34:43.385
00010076,2026-01-27 13:42:23.483
00010076,2026-01-27 13:42:23.486
00010076,2026-01-27 13:42:25.717
00010076,2026-01-27 13:42:25.718
00010076,2026-01-27 13:42:25.967
00010076,2026-01-27 13:42:25.969
01000234,2026-01-27 13:42:30.479
01000234,2026-01-27 13:42:30.716
01000234,2026-01-27 13:42:30.968
01000234,2026-01-27 13:42:30.970
01000234,2026-01-27 13:42:31.466
01000234,2026-01-27 13:42:31.467
01000234,2026-01-27 13:42:31.469
00010076,2026-01-27 13:42:31.968
00010076,2026-01-27 13:42:31.969
00010071,2026-01-27 13:42:31.969
00010076,2026-01-27 13:42:31.970
00010076,2026-01-27 13:42:32.220
00010076,2026-01-27 13:42:32.222
00010076,2026-01-27 13:42:32.224
00010071,2026-01-27 13:42:32.226
00010071,2026-01-27 13:42:32.466
00010071,2026-01-27 13:42:32.467
00010071,2026-01-27 13:42:32.470
00010076,2026-01-27 13:42:32.471
00010071,2026-01-27 13:42:32.718
00010076,2026-01-27 13:42:32.719
00010071,2026-01-27 13:42:32.722
00010076,2026-01-27 13:42:32.724
00010076,2026-01-27 13:42:32.725
00010071,2026-01-27 13:42:32.725
00010071,2026-01-27 13:42:32.966
00010071,2026-01-27 13:42:32.967
00010071,2026-01-27 13:42:32.968
00010076,2026-01-27 13:42:33.216
00010071,2026-01-27 13:42:33.217
00010071,2026-01-27 13:42:33.218
00010071,2026-01-27 13:42:33.218
00010076,2026-01-27 13:42:33.219
00010076,2026-01-27 13:42:33.467
00010071,2026-01-27 13:42:33.468
00010076,2026-01-27 13:42:33.470
00010071,2026-01-27 13:42:33.472
00010071,2026-01-27 13:42:33.473
00010071,2026-01-27 13:42:33.727
00010076,2026-01-27 13:42:33.729
01000234,2026-01-27 13:42:33.730
01000234,2026-01-27 13:42:33.731
00010076,2026-01-27 13:42:33.732
00010076,2026-01-27 13:42:33.965
00010076,2026-01-27 13:42:33.969
00010076,2026-01-27 13:42:33.971
00010071,2026-01-27 13:42:34.467
00010071,2026-01-27 13:42:34.469
00010071,2026-01-27 13:42:34.470
00010071,2026-01-27 13:42:34.472
00010076,2026-01-27 13:42:34.472
00010076,2026-01-27 13:42:34.720
00010071,2026-01-27 13:42:34.721
00010071,2026-01-27 13:42:34.723
00010071,2026-01-27 13:42:34.726
00010071,2026-01-27 13:42:34.727
00010071,2026-01-27 13:42:34.967
00010071,2026-01-27 13:42:34.968
00010076,2026-01-27 13:42:35.217
01000234,2026-01-27 13:42:35.717
01000234,2026-01-27 13:42:35.966
01000234,2026-01-27 13:42:35.967
01000234,2026-01-27 13:42:36.226
00010071,2026-01-27 13:42:36.227
01000234,2026-01-27 13:42:36.468
01000234,2026-01-27 13:42:36.469
01000234,2026-01-27 13:42:36.717
01000234,2026-01-27 13:42:36.968
00010071,2026-01-27 13:42:37.219
01000234,2026-01-27 13:42:37.220
01000234,2026-01-27 13:42:38.218
01000234,2026-01-27 13:42:38.219
00010076,2026-01-27 13:42:38.222
00010076,2026-01-27 13:42:38.468
00010076,2026-01-27 13:42:38.470
00010076,2026-01-27 13:42:38.718
00010076,2026-01-27 13:42:38.720
00010076,2026-01-27 13:42:38.723
00010076,2026-01-27 13:42:38.724
00010076,2026-01-27 13:42:38.725
00010076,2026-01-27 13:42:38.967
00010076,2026-01-27 13:42:38.968
00010076,2026-01-27 13:42:39.217
00010076,2026-01-27 13:42:39.220
0000D58C,2026-01-27 13:42:39.221
00010076,2026-01-27 13:42:39.224
01000234,2026-01-27 13:42:39.225
00010076,2026-01-27 13:42:39.466
00010076,2026-01-27 13:42:39.475
01000234,2026-01-27 13:42:39.477
00010076,2026-01-27 13:42:39.726
01000234,2026-01-27 13:42:39.727
00010076,2026-01-27 13:42:39.967
00010076,2026-01-27 13:42:39.967
01000234,2026-01-27 13:42:40.467
01000234,2026-01-27 13:42:40.717
01000234,2026-01-27 13:42:41.466
00010076,2026-01-27 13:42:42.217
00010076,2026-01-27 13:42:42.728
01000234,2026-01-27 13:42:42.967
00010076,2026-01-27 13:42:43.717
01000234,2026-01-27 13:42:43.968
01000234,2026-01-27 13:42:44.717
00010076,2026-01-27 13:42:44.717
00010076,2026-01-27 13:42:44.968
01000234,2026-01-27 13:42:45.216
01000234,2026-01-27 13:42:45.219
01000234,2026-01-27 13:42:46.466
00010076,2026-01-27 13:42:46.717
01000234,2026-01-27 13:42:46.718
01000234,2026-01-27 13:42:46.721
01000234,2026-01-27 13:42:46.966
01000234,2026-01-27 13:42:47.218
00010076,2026-01-27 13:42:47.220
01000234,2026-01-27 13:42:47.719
00010076,2026-01-27 13:42:47.721
00010076,2026-01-27 13:42:47.967
00010076,2026-01-27 13:42:48.216
0000D58C,2026-01-27 13:42:48.218
01000234,2026-01-27 13:42:48.218
01000234,2026-01-27 13:42:48.968
01000234,2026-01-27 13:42:49.219
01000234,2026-01-27 13:42:49.221
00010076,2026-01-27 13:42:49.978
00010076,2026-01-27 13:42:50.468
01000234,2026-01-27 13:42:51.219
0000D58C,2026-01-27 13:42:51.221
00010076,2026-01-27 13:42:51.719
01000234,2026-01-27 13:42:51.966
00010076,2026-01-27 13:42:53.216
01000234,2026-01-27 13:42:53.468
0000D58C,2026-01-27 13:42:54.468
01000234,2026-01-27 13:42:56.468
01000234,2026-01-27 13:42:56.967
01000234,2026-01-27 13:42:57.217
00010076,2026-01-27 13:42:57.719
00010076,2026-01-27 13:42:57.721
01000234,2026-01-27 13:42:57.978
01000234,2026-01-27 13:42:57.981
01000234,2026-01-27 13:42:58.219
01000234,2026-01-27 13:42:58.220
00010076,2026-01-27 13:42:59.230
01000234,2026-01-27 13:42:59.232
01000234,2026-01-27 13:42:59.469
01000234,2026-01-27 13:42:59.472
01000234,2026-01-27 13:42:59.718
01000234,2026-01-27 13:42:59.720
01000234,2026-01-27 13:42:59.972
01000234,2026-01-27 13:43:00.478
01000234,2026-01-27 13:43:00.968
00010076,2026-01-27 13:43:01.718
00010076,2026-01-27 13:43:01.719
00010076,2026-01-27 13:43:01.966
00010076,2026-01-27 13:43:01.967
00010076,2026-01-27 13:43:02.219
01000234,2026-01-27 13:43:02.468
01000234,2026-01-27 13:43:02.470
01000234,2026-01-27 13:43:02.719
01000234,2026-01-27 13:43:02.721
01000234,2026-01-27 13:43:02.722
01000234,2026-01-27 13:43:02.722
00010076,2026-01-27 13:43:02.968
00010076,2026-01-27 13:43:02.971
00010076,2026-01-27 13:43:03.216
00010076,2026-01-27 13:43:03.217
00010076,2026-01-27 13:43:03.466
01000234,2026-01-27 13:43:03.467
01000234,2026-01-27 13:43:03.468
01000234,2026-01-27 13:43:03.468
00010076,2026-01-27 13:43:03.718
00010076,2026-01-27 13:43:03.720
01000234,2026-01-27 13:43:03.976
01000234,2026-01-27 13:43:03.977
00010076,2026-01-27 13:43:04.218
00010076,2026-01-27 13:43:04.470
00010076,2026-01-27 13:43:04.727
00010076,2026-01-27 13:43:04.728
01000234,2026-01-27 13:43:04.729
01000234,2026-01-27 13:43:04.969
01000234,2026-01-27 13:43:04.971
00010076,2026-01-27 13:43:05.230
00010076,2026-01-27 13:43:05.231
0000D58C,2026-01-27 13:43:05.969
0000D58C,2026-01-27 13:43:06.217
00010076,2026-01-27 13:43:06.217
00010076,2026-01-27 13:43:06.468
01000234,2026-01-27 13:43:06.470
00010076,2026-01-27 13:43:06.718
01000234,2026-01-27 13:43:07.218
01000234,2026-01-27 13:43:07.221
01000234,2026-01-27 13:43:07.717
01000234,2026-01-27 13:43:07.718
01000234,2026-01-27 13:43:07.720
01000234,2026-01-27 13:43:07.969
00010076,2026-01-27 13:43:09.468
00010076,2026-01-27 13:43:09.718
01000234,2026-01-27 13:43:10.217
01000234,2026-01-27 13:43:10.467
00010076,2026-01-27 13:43:10.968
00010076,2026-01-27 13:43:11.719
00010076,2026-01-27 13:43:11.722
00010076,2026-01-27 13:43:12.220
00010076,2026-01-27 13:43:12.221
00010076,2026-01-27 13:43:12.466
00010076,2026-01-27 13:43:12.467
00010076,2026-01-27 13:43:12.718
00010076,2026-01-27 13:43:12.967
00010076,2026-01-27 13:43:12.967
00010076,2026-01-27 13:43:13.470
00010076,2026-01-27 13:43:13.472
00010076,2026-01-27 13:43:13.472
00010076,2026-01-27 13:43:13.716
00010076,2026-01-27 13:43:13.968
00010076,2026-01-27 13:43:13.971
00010076,2026-01-27 13:43:13.973
00010076,2026-01-27 13:43:14.219
00010076,2026-01-27 13:43:14.470
00010076,2026-01-27 13:43:14.470
00010076,2026-01-27 13:43:14.718
01000234,2026-01-27 13:43:15.221
01000234,2026-01-27 13:43:15.222
0000D58C,2026-01-27 13:43:15.468
00010076,2026-01-27 13:43:15.470
00010076,2026-01-27 13:43:15.471
00010076,2026-01-27 13:43:15.719
00010076,2026-01-27 13:43:15.721
00010076,2026-01-27 13:43:15.722
00010076,2026-01-27 13:43:15.966
00010076,2026-01-27 13:43:15.967
00010076,2026-01-27 13:43:16.469
01000234,2026-01-27 13:43:16.470
00010076,2026-01-27 13:43:16.473
01000234,2026-01-27 13:43:16.475
01000234,2026-01-27 13:43:16.967
00010076,2026-01-27 13:43:17.218
00010076,2026-01-27 13:43:17.718
01000234,2026-01-27 13:43:17.719
00010076,2026-01-27 13:43:17.967
00010076,2026-01-27 13:43:18.216
00010076,2026-01-27 13:43:18.217
00010076,2026-01-27 13:43:18.466
00010076,2026-01-27 13:43:18.718
00010076,2026-01-27 13:43:18.966
00010076,2026-01-27 13:43:18.967
00010076,2026-01-27 13:43:18.968
00010076,2026-01-27 13:43:19.217
00010076,2026-01-27 13:43:19.218
00010076,2026-01-27 13:43:19.468
00010076,2026-01-27 13:43:19.718
00010076,2026-01-27 13:43:19.969
00010076,2026-01-27 13:43:20.229
00010076,2026-01-27 13:43:20.467
00010076,2026-01-27 13:43:20.969
00010076,2026-01-27 13:43:20.971
00010076,2026-01-27 13:43:21.218
00010076,2026-01-27 13:43:21.219
00010076,2026-01-27 13:43:21.468
01000234,2026-01-27 13:43:21.470
00010076,2026-01-27 13:43:21.472
00010076,2026-01-27 13:43:21.474
00010076,2026-01-27 13:43:21.717
00010076,2026-01-27 13:43:21.718
00010076,2026-01-27 13:43:21.976
00010076,2026-01-27 13:43:21.977
00010076,2026-01-27 13:43:21.978
00010076,2026-01-27 13:43:22.217
00010076,2026-01-27 13:43:22.466
01000234,2026-01-27 13:43:22.467
00010076,2026-01-27 13:43:22.469
00010076,2026-01-27 13:43:22.470
00010076,2026-01-27 13:43:22.471
00010076,2026-01-27 13:43:22.717
00010076,2026-01-27 13:43:22.718
00010076,2026-01-27 13:43:22.719
00010076,2026-01-27 13:43:22.967
00010076,2026-01-27 13:43:23.217
00010076,2026-01-27 13:43:23.218
00010076,2026-01-27 13:43:23.467
00010076,2026-01-27 13:43:23.469
00010076,2026-01-27 13:43:23.469
00010076,2026-01-27 13:43:23.718
00010076,2026-01-27 13:43:23.967
01000234,2026-01-27 13:43:24.219
00010076,2026-01-27 13:43:24.220
00010076,2026-01-27 13:43:24.469
01000234,2026-01-27 13:43:25.219
00010076,2026-01-27 13:43:25.221
01000234,2026-01-27 13:43:25.467
00010076,2026-01-27 13:43:25.718
00010076,2026-01-27 13:43:25.720
00010076,2026-01-27 13:43:25.968
00010076,2026-01-27 13:43:26.468
01000234,2026-01-27 13:43:26.720
00010076,2026-01-27 13:43:27.217
00010076,2026-01-27 13:43:27.469
00010076,2026-01-27 13:43:27.470
00010076,2026-01-27 13:43:27.978
00010076,2026-01-27 13:43:27.981
00010076,2026-01-27 13:43:28.218
01000234,2026-01-27 13:43:28.218
00010076,2026-01-27 13:43:28.220
00010076,2026-01-27 13:43:28.469
00010076,2026-01-27 13:43:28.471
01000234,2026-01-27 13:43:28.472
00010076,2026-01-27 13:43:28.473
00010076,2026-01-27 13:43:28.473
00010076,2026-01-27 13:43:28.729
00010076,2026-01-27 13:43:28.729
00010076,2026-01-27 13:43:28.967
00010076,2026-01-27 13:43:28.967
00010076,2026-01-27 13:43:28.968
00010076,2026-01-27 13:43:28.968
00010076,2026-01-27 13:43:29.217
00010076,2026-01-27 13:43:29.218
00010076,2026-01-27 13:43:29.219
00010076,2026-01-27 13:43:29.220
00010076,2026-01-27 13:43:29.469
00010076,2026-01-27 13:43:29.470
00010076,2026-01-27 13:43:29.472
00010076,2026-01-27 13:43:29.473
00010076,2026-01-27 13:43:29.718
00010076,2026-01-27 13:43:29.720
01000234,2026-01-27 13:43:30.469
00010076,2026-01-27 13:43:30.969
00010076,2026-01-27 13:43:30.972
00010076,2026-01-27 13:43:31.719
00010076,2026-01-27 13:43:31.968
00010076,2026-01-27 13:43:32.718
00010076,2026-01-27 13:43:32.720
00010076,2026-01-27 13:43:32.967
00010076,2026-01-27 13:43:33.467
00010076,2026-01-27 13:43:33.467
00010076,2026-01-27 13:43:33.468
00010076,2026-01-27 13:43:33.719
00010076,2026-01-27 13:43:33.720
00010076,2026-01-27 13:43:33.979
00010076,2026-01-27 13:43:33.981
00010076,2026-01-27 13:43:34.218
00010076,2026-01-27 13:43:34.219
00010076,2026-01-27 13:43:34.221
00010076,2026-01-27 13:43:34.477
01000234,2026-01-27 13:43:34.728
00010076,2026-01-27 13:43:34.969
00010076,2026-01-27 13:43:34.970
00010076,2026-01-27 13:43:35.719
00010076,2026-01-27 13:43:35.721
00010076,2026-01-27 13:43:35.969
00010076,2026-01-27 13:43:36.218
00010076,2026-01-27 13:43:36.719
00010076,2026-01-27 13:43:36.979
00010076,2026-01-27 13:43:36.979
00010076,2026-01-27 13:43:37.220
00010076,2026-01-27 13:43:38.229
00010076,2026-01-27 13:43:38.231
00010076,2026-01-27 13:43:39.978
00010076,2026-01-27 13:43:39.979
00010076,2026-01-27 13:43:40.219
01000234,2026-01-27 13:43:40.718
01000234,2026-01-27 13:43:40.720
00010076,2026-01-27 13:43:40.722
00010076,2026-01-27 13:43:41.219
00010076,2026-01-27 13:43:41.221
01000234,2026-01-27 13:43:41.729
00010076,2026-01-27 13:43:41.729
00010076,2026-01-27 13:43:42.470
00010076,2026-01-27 13:43:42.718
00010076,2026-01-27 13:43:42.969
00010076,2026-01-27 13:43:43.719
00010076,2026-01-27 13:43:43.720
00010076,2026-01-27 13:43:43.723
00010076,2026-01-27 13:43:43.967
00010076,2026-01-27 13:43:44.217
00010076,2026-01-27 13:43:44.217
00010076,2026-01-27 13:43:44.718
00010076,2026-01-27 13:43:44.969
00010076,2026-01-27 13:43:44.971
00010076,2026-01-27 13:43:45.228
00010076,2026-01-27 13:43:45.470
00010076,2026-01-27 13:43:46.969
00010076,2026-01-27 13:43:47.469
00010076,2026-01-27 13:43:47.471
00010076,2026-01-27 13:43:47.717
00010076,2026-01-27 13:43:47.968
00010076,2026-01-27 13:43:47.969
00010076,2026-01-27 13:43:48.220
00010076,2026-01-27 13:43:48.468
00010076,2026-01-27 13:43:48.719
00010076,2026-01-27 13:43:49.480
01000234,2026-01-27 13:43:49.482
00010076,2026-01-27 13:43:50.219
00010076,2026-01-27 13:43:50.968
00010076,2026-01-27 13:43:51.718
00010076,2026-01-27 13:43:52.977
00010076,2026-01-27 13:43:53.219
00010076,2026-01-27 13:43:53.467
00010076,2026-01-27 13:43:54.219
00010076,2026-01-27 13:43:54.221
01000234,2026-01-27 13:43:54.467
00010076,2026-01-27 13:43:54.729
00010076,2026-01-27 13:43:54.968
00010076,2026-01-27 13:43:55.218
00010076,2026-01-27 13:43:55.220
00010076,2026-01-27 13:43:55.221
00010076,2026-01-27 13:43:55.223
00010076,2026-01-27 13:43:55.479
00010076,2026-01-27 13:43:56.468
00010076,2026-01-27 13:43:56.469
00010076,2026-01-27 13:43:56.470
00010076,2026-01-27 13:43:56.968
00010076,2026-01-27 13:43:57.467
00010076,2026-01-27 13:43:57.469
00010076,2026-01-27 13:43:57.470
00010076,2026-01-27 13:43:57.718
01000234,2026-01-27 13:43:57.720
01000234,2026-01-27 13:43:58.219
00010076,2026-01-27 13:43:58.979
00010076,2026-01-27 13:43:59.969
00010076,2026-01-27 13:43:59.971
01000234,2026-01-27 13:43:59.973
00010076,2026-01-27 13:44:00.219
00010076,2026-01-27 13:44:00.221
00010076,2026-01-27 13:44:00.222
01000234,2026-01-27 13:44:00.728
00010076,2026-01-27 13:44:00.969
00010076,2026-01-27 13:44:01.219
00010076,2026-01-27 13:44:01.221
00010076,2026-01-27 13:44:01.469
00010076,2026-01-27 13:44:01.471
00010076,2026-01-27 13:44:01.967
01000234,2026-01-27 13:44:01.968
00010076,2026-01-27 13:44:03.468
00010076,2026-01-27 13:44:03.470
00010076,2026-01-27 13:44:03.718
00010076,2026-01-27 13:44:04.468
00010076,2026-01-27 13:44:04.469
00010076,2026-01-27 13:44:04.469
00010076,2026-01-27 13:44:04.718
00010076,2026-01-27 13:44:04.977
00010076,2026-01-27 13:44:05.468
00010076,2026-01-27 13:44:05.717
00010076,2026-01-27 13:44:05.979
01000234,2026-01-27 13:44:06.469
00010076,2026-01-27 13:44:06.968
00010076,2026-01-27 13:44:07.218
00010076,2026-01-27 13:44:07.218
00010076,2026-01-27 13:44:07.470
00010076,2026-01-27 13:44:07.471
00010076,2026-01-27 13:44:07.718
00010076,2026-01-27 13:44:07.719
00010076,2026-01-27 13:44:08.470
00010076,2026-01-27 13:44:08.977
00010076,2026-01-27 13:44:09.220
00010076,2026-01-27 13:44:09.220
00010076,2026-01-27 13:44:09.221
00010076,2026-01-27 13:44:09.221
00010076,2026-01-27 13:44:09.479
00010076,2026-01-27 13:44:09.717
00010076,2026-01-27 13:44:09.969
00010076,2026-01-27 13:44:09.971
00010076,2026-01-27 13:44:10.218
00010076,2026-01-27 13:44:10.469
00010076,2026-01-27 13:44:10.470
00010076,2026-01-27 13:44:10.718
00010076,2026-01-27 13:44:10.719
00010076,2026-01-27 13:44:10.970
00010076,2026-01-27 13:44:10.971
00010076,2026-01-27 13:44:10.980
00010076,2026-01-27 13:44:10.981
00010076,2026-01-27 13:44:11.228
00010076,2026-01-27 13:44:11.229
01000234,2026-01-27 13:44:11.230
00010076,2026-01-27 13:44:11.469
00010076,2026-01-27 13:44:11.470
00010076,2026-01-27 13:44:11.472
00010076,2026-01-27 13:44:11.473
00010076,2026-01-27 13:44:11.719
00010076,2026-01-27 13:44:11.720
00010076,2026-01-27 13:44:11.971
00010076,2026-01-27 13:44:12.219
00010076,2026-01-27 13:44:12.221
00010076,2026-01-27 13:44:12.223
00010076,2026-01-27 13:44:12.719
00010076,2026-01-27 13:44:12.721
00010076,2026-01-27 13:44:12.722
00010076,2026-01-27 13:44:12.724
00010076,2026-01-27 13:44:12.725
00010076,2026-01-27 13:44:12.968
00010076,2026-01-27 13:44:12.968
00010076,2026-01-27 13:44:12.969
00010076,2026-01-27 13:44:13.218
00010076,2026-01-27 13:44:13.219
00010076,2026-01-27 13:44:13.717
00010076,2026-01-27 13:44:13.718
00010076,2026-01-27 13:44:13.719
00010076,2026-01-27 13:44:13.969
00010076,2026-01-27 13:44:13.969
00010076,2026-01-27 13:44:13.970
00010076,2026-01-27 13:44:14.229
00010076,2026-01-27 13:44:14.230
01000234,2026-01-27 13:44:14.467
01000234,2026-01-27 13:44:14.718
00010076,2026-01-27 13:44:14.968
00010076,2026-01-27 13:44:14.969
00010076,2026-01-27 13:44:14.971
00010076,2026-01-27 13:44:14.973
00010076,2026-01-27 13:44:15.217
00010076,2026-01-27 13:44:15.218
00010076,2026-01-27 13:44:15.469
00010076,2026-01-27 13:44:15.471
00010076,2026-01-27 13:44:15.472
00010076,2026-01-27 13:44:15.474
00010076,2026-01-27 13:44:15.475
00010076,2026-01-27 13:44:15.719
00010076,2026-01-27 13:44:15.721
00010076,2026-01-27 13:44:15.722
01000234,2026-01-27 13:44:15.978
00010076,2026-01-27 13:44:15.979
00010076,2026-01-27 13:44:15.980
01000234,2026-01-27 13:44:15.982
00010076,2026-01-27 13:44:16.218
00010076,2026-01-27 13:44:16.219
00010076,2026-01-27 13:44:16.468
00010076,2026-01-27 13:44:16.469
00010076,2026-01-27 13:44:16.470
00010076,2026-01-27 13:44:16.718
00010076,2026-01-27 13:44:16.969
00010076,2026-01-27 13:44:16.971
00010076,2026-01-27 13:44:16.972
00010076,2026-01-27 13:44:17.228
00010076,2026-01-27 13:44:17.470
00010076,2026-01-27 13:44:17.472
00010076,2026-01-27 13:44:17.473
00010076,2026-01-27 13:44:17.474
00010076,2026-01-27 13:44:17.720
00010076,2026-01-27 13:44:17.722
00010076,2026-01-27 13:44:17.723
00010076,2026-01-27 13:44:17.971
00010076,2026-01-27 13:44:18.217
00010076,2026-01-27 13:44:18.218
00010076,2026-01-27 13:44:18.719
00010076,2026-01-27 13:44:18.979
00010076,2026-01-27 13:44:19.219
00010076,2026-01-27 13:44:19.220
00010076,2026-01-27 13:44:19.469
00010076,2026-01-27 13:44:19.470
00010076,2026-01-27 13:44:19.472
00010076,2026-01-27 13:44:19.718
00010076,2026-01-27 13:44:19.969
00010076,2026-01-27 13:44:19.970
00010076,2026-01-27 13:44:20.220
00010076,2026-01-27 13:44:20.222
00010076,2026-01-27 13:44:20.223
00010076,2026-01-27 13:44:20.223
00010076,2026-01-27 13:44:20.468
00010076,2026-01-27 13:44:20.469
00010076,2026-01-27 13:44:20.720
01000234,2026-01-27 13:44:20.722
01000234,2026-01-27 13:44:20.723
00010076,2026-01-27 13:44:20.724
01000234,2026-01-27 13:44:20.968
00010076,2026-01-27 13:44:20.969
00010076,2026-01-27 13:44:20.970
00010076,2026-01-27 13:44:21.230
00010076,2026-01-27 13:44:21.232
00010076,2026-01-27 13:44:21.233
00010076,2026-01-27 13:44:21.235
00010076,2026-01-27 13:44:21.468
00010076,2026-01-27 13:44:21.469
00010076,2026-01-27 13:44:21.469
00010076,2026-01-27 13:44:21.471
01000234,2026-01-27 13:44:21.473
00010076,2026-01-27 13:44:21.719
00010076,2026-01-27 13:44:21.722
00010076,2026-01-27 13:44:21.723
00010076,2026-01-27 13:44:21.725
00010076,2026-01-27 13:44:21.968
00010076,2026-01-27 13:44:21.969
00010076,2026-01-27 13:44:21.969
00010076,2026-01-27 13:44:21.970
00010076,2026-01-27 13:44:22.218
00010076,2026-01-27 13:44:22.218
00010076,2026-01-27 13:44:22.219
00010076,2026-01-27 13:44:22.220
00010076,2026-01-27 13:44:22.221
00010076,2026-01-27 13:44:22.468
00010076,2026-01-27 13:44:22.469
00010076,2026-01-27 13:44:22.469
00010076,2026-01-27 13:44:22.718
00010076,2026-01-27 13:44:22.719
00010076,2026-01-27 13:44:22.969
00010076,2026-01-27 13:44:22.970
00010076,2026-01-27 13:44:22.972
00010076,2026-01-27 13:44:22.974
00010076,2026-01-27 13:44:23.218
00010076,2026-01-27 13:44:23.219
00010076,2026-01-27 13:44:23.220
00010076,2026-01-27 13:44:23.468
00010076,2026-01-27 13:44:23.468
00010076,2026-01-27 13:44:23.470
00010076,2026-01-27 13:44:23.719
01000234,2026-01-27 13:44:23.720
00010076,2026-01-27 13:44:23.722
00010076,2026-01-27 13:44:23.723
01000234,2026-01-27 13:44:23.725
00010076,2026-01-27 13:44:23.970
01000234,2026-01-27 13:44:23.970
00010076,2026-01-27 13:44:24.229
00010076,2026-01-27 13:44:24.230
01000234,2026-01-27 13:44:24.232
00010076,2026-01-27 13:44:24.233
00010076,2026-01-27 13:44:24.235
00010076,2026-01-27 13:44:24.469
00010076,2026-01-27 13:44:24.470
00010076,2026-01-27 13:44:24.718
01000234,2026-01-27 13:44:24.719
00010076,2026-01-27 13:44:24.719
00010076,2026-01-27 13:44:24.720
00010076,2026-01-27 13:44:24.721
00010076,2026-01-27 13:44:24.969
00010076,2026-01-27 13:44:24.970
00010076,2026-01-27 13:44:24.970
00010076,2026-01-27 13:44:24.971
00010076,2026-01-27 13:44:25.218
01000234,2026-01-27 13:44:25.219
00010076,2026-01-27 13:44:25.219
00010076,2026-01-27 13:44:25.220
00010076,2026-01-27 13:44:25.220
00010076,2026-01-27 13:44:25.468
00010076,2026-01-27 13:44:25.468
00010076,2026-01-27 13:44:25.469
00010076,2026-01-27 13:44:25.469
00010076,2026-01-27 13:44:25.719
00010076,2026-01-27 13:44:25.728
00010076,2026-01-27 13:44:25.969
00010076,2026-01-27 13:44:25.971
00010076,2026-01-27 13:44:26.220
00010076,2026-01-27 13:44:26.220
00010076,2026-01-27 13:44:26.221
00010076,2026-01-27 13:44:26.221
00010076,2026-01-27 13:44:26.469
00010076,2026-01-27 13:44:26.470
00010076,2026-01-27 13:44:26.718
01000234,2026-01-27 13:44:26.719
00010076,2026-01-27 13:44:26.720
00010076,2026-01-27 13:44:26.721
00010076,2026-01-27 13:44:26.970
00010076,2026-01-27 13:44:26.971
00010076,2026-01-27 13:44:26.973
00010076,2026-01-27 13:44:26.975
00010076,2026-01-27 13:44:27.228
00010076,2026-01-27 13:44:27.228
00010076,2026-01-27 13:44:27.229
01000234,2026-01-27 13:44:27.229
00010076,2026-01-27 13:44:27.230
01000234,2026-01-27 13:44:27.231
00010076,2026-01-27 13:44:27.468
00010076,2026-01-27 13:44:27.468
00010076,2026-01-27 13:44:27.468
00010076,2026-01-27 13:44:27.469
00010076,2026-01-27 13:44:27.969
00010076,2026-01-27 13:44:27.970
00010076,2026-01-27 13:44:27.971
00010076,2026-01-27 13:44:27.972
00010076,2026-01-27 13:44:27.974
00010076,2026-01-27 13:44:28.219
00010076,2026-01-27 13:44:28.469
00010076,2026-01-27 13:44:28.470
00010076,2026-01-27 13:44:28.471
00010076,2026-01-27 13:44:28.472
00010076,2026-01-27 13:44:28.719
00010076,2026-01-27 13:44:28.721
00010076,2026-01-27 13:44:28.970
01000234,2026-01-27 13:44:28.971
00010076,2026-01-27 13:44:28.972
01000234,2026-01-27 13:44:28.975
00010076,2026-01-27 13:44:28.976
00010076,2026-01-27 13:44:28.976
00010076,2026-01-27 13:44:29.219
01000234,2026-01-27 13:44:29.220
00010076,2026-01-27 13:44:29.221
00010076,2026-01-27 13:44:29.223
00010076,2026-01-27 13:44:29.718
00010076,2026-01-27 13:44:29.718
00010076,2026-01-27 13:44:29.718
00010076,2026-01-27 13:44:29.719
00010076,2026-01-27 13:44:29.969
00010076,2026-01-27 13:44:29.971
00010076,2026-01-27 13:44:29.972
00010076,2026-01-27 13:44:29.974
01000234,2026-01-27 13:44:30.219
00010076,2026-01-27 13:44:30.220
00010076,2026-01-27 13:44:30.220
00010076,2026-01-27 13:44:30.468
00010076,2026-01-27 13:44:30.470
01000234,2026-01-27 13:44:30.471
00010076,2026-01-27 13:44:30.473
00010076,2026-01-27 13:45:32.051
00010076,2026-01-27 13:45:32.052
00010076,2026-01-27 13:45:32.299
00010076,2026-01-27 13:45:32.300
00010076,2026-01-27 13:45:32.300
00010076,2026-01-27 13:45:32.301
00010076,2026-01-27 13:45:32.550
00010076,2026-01-27 13:45:32.550
00010076,2026-01-27 13:45:32.551
00010076,2026-01-27 13:45:32.553
00010076,2026-01-27 13:45:32.802
00010076,2026-01-27 13:45:32.803
00010076,2026-01-27 13:45:32.805
00010076,2026-01-27 13:45:32.807
00010076,2026-01-27 13:45:32.807
00010076,2026-01-27 13:45:33.051
00010076,2026-01-27 13:45:33.054
00010076,2026-01-27 13:45:33.056
00010076,2026-01-27 13:45:33.058
00010076,2026-01-27 13:45:33.059
00010076,2026-01-27 13:45:33.309
00010076,2026-01-27 13:45:33.310
00010076,2026-01-27 13:45:33.310
00010076,2026-01-27 13:45:33.311
00010076,2026-01-27 13:45:33.549
00010076,2026-01-27 13:45:33.809
00010076,2026-01-27 13:45:33.811
00010076,2026-01-27 13:45:33.811
00010076,2026-01-27 13:45:34.051
00010076,2026-01-27 13:45:34.302
00010076,2026-01-27 13:45:34.303
00010076,2026-01-27 13:45:34.303
00010076,2026-01-27 13:45:34.561
00010076,2026-01-27 13:45:34.562
00010076,2026-01-27 13:45:34.801
00010071,2026-01-27 13:45:35.560
00010071,2026-01-27 13:45:35.561
00010071,2026-01-27 13:45:35.563
00010071,2026-01-27 13:45:35.799
00010071,2026-01-27 13:45:35.800
00010071,2026-01-27 13:45:36.052
00010071,2026-01-27 13:45:36.053
00010071,2026-01-27 13:45:36.056
00010071,2026-01-27 13:45:36.299
00010076,2026-01-27 13:45:36.300
00010071,2026-01-27 13:45:36.300
00010076,2026-01-27 13:45:36.551
00010071,2026-01-27 13:45:36.553
00010071,2026-01-27 13:45:36.555
00010076,2026-01-27 13:45:36.555
00010071,2026-01-27 13:45:36.556
00010076,2026-01-27 13:45:36.556
00010071,2026-01-27 13:45:36.809
00010071,2026-01-27 13:45:36.810
01000234,2026-01-27 13:45:36.810
00010071,2026-01-27 13:45:36.812
00010076,2026-01-27 13:45:36.813
00010076,2026-01-27 13:45:37.050
00010076,2026-01-27 13:45:37.050
00010076,2026-01-27 13:45:37.050
00010076,2026-01-27 13:45:37.310
